{
	"config": [{
		"splash_image": "http://img.realanime.xyz/image/splash/ShibaMiyukifull2247401.png",
		"host": "https://newage.realanime.xyz/newage",
		"exp_host": "http://newage.realanime.xyz/newage",
		"main_host": "https://raw.githubusercontent.com/ntah/animlovers/master",
		"info": "0",
		"info_message": "Beta test rilis",
		"under_maintenance": "0",
		"under_maintenance_info": "",
		"disable_report": "0",
		"disable_request": "0",
		"disable_chat": "1",
		"disable_download": "0",
		"disable_streaming": "0",
		"disable_hd": "0",
		"beta_hd": "1",
		"beta_hd_info": "HD masih dalam tahap Beta. jika video gagal diputar, coba ulangi kembali beberapa saat lagi.",
		"disable_exp_host": "0",
		"genre": "Genre,Complete,Ongoing,Movie,Action,Adventure,Comedy,Demons,Drama,Ecchi,Fantasy,Game,Harem,Historical,Horror,Josei,Kids,Live Action,Magic,Martial Arts,Mecha,Military,Music,Mystery,Parody,Police,Psychological,Romance,Samurai,School,Sci-Fi,Seinen,Shoujo,Shounen,Slice of Life,Space,Sports,Super Power,Supernatural,Thriller,Tokusatsu,Vampire",
		"sensor": "anjing,anjeng,babi,monyet,kunyuk,bajingan,bangsat,kampret,kontol,memek,ngentot,pepek,jembut,perek,pecun,bencong,banci,jablay,cibay,cibai,kimak,pantat,vagina,penis",
		"adsvideo": "180",
		"adsvideo_start": "1",
		"adsvideo_end": "1",
		"MainActivity": "appnext",
		"DetailActivity": "startapp",
		"LainnyaActivity": "appnext",
		"EpisodeActivity": "startapp",
		"VideoPlayActivity": "inmobi",
		"OtherActivity": "unity"
	}]
}
/*ads startapp, appnext, inmobi, unity */
