{
	"config": [{
		"splash_image": "https://image.realanime.xyz/image/splash/anime-png-anime-png-pic-png-image-1342.png",
		"host": "https://vps.realanime.xyz/animelive",
		"exp_host": "http://vps.realanime.xyz/animelive",
		"main_host": "https://realanime.site",
		"info": "0",
		"header": "8D7B3BEFF82845B0C587D545C44E2C2D",
		"info_message": "info message",
		"under_maintenance": "0",
		"under_maintenance_info": "",
		"disable_report": "0",
		"disable_request": "0",
		"disable_chat": "0",
		"disable_exp_host": "0",
		"adsvideo": "120",
		"genre": "Genre,Complete,Ongoing,Movie,Action,Adventure,Comedy,Demons,Drama,Ecchi,Fantasy,Game,Harem,Historical,Horror,Josei,Kids,Live Action,Magic,Martial Arts,Mecha,Military,Music,Mystery,Parody,Police,Psychological,Romance,Samurai,School,Sci-Fi,Seinen,Shoujo,Shounen,Slice of Life,Space,Sports,Super Power,Supernatural,Thriller,Tokusatsu,Vampire",
		"sensor": "anjing,anjeng,babi,monyet,kunyuk,bajingan,bangsat,kampret,kontol,memek,ngentot,pepek,jembut,perek,pecun,bencong,banci,jablay,cibay,cibai,kimak,pantat,vagina,penis"
	}]
}
