{
	"config": [{
		"splash_image": "https:\/\/vps.realanime.site\/mangga\/splash\/ShibaMiyukifull2247401.png",
		"host": "https:\/\/vps.realanime.site\/api_outh",
		"main_host": "https:\/\/realanime.site",
		"info": "0",
		"header": "8D7B3BEFF82845B0C587D545C44E2C2D",
		"info_message": "info message",
		"under_maintenance": "0",
		"under_maintenance_info": "",
		"disable_report": "0",
		"disable_request": "0",
		"disable_chat": "0",
		"adsvideo": "300",
		"adsdetail": "600",
		"genre": "Genre,Complete,Ongoing,Movie,Action,Adventure,Comedy,Demons,Drama,Ecchi,Fantasy,Game,Harem,Historical,Horror,Josei,Kids,Magic,Martial Arts,Mecha,Military,Music,Mystery,Parody,Police,Psychological,Romance,Samurai,School,Sci-Fi,Seinen,Shoujo,Shounen,Slice of Life,Space,Sports,Super Power,Supernatural,Thriller,Vampire",
		"sensor": "anjing,anjeng,babi,monyet,kunyuk,bajingan,bangsat,kampret,kontol,memek,ngentot,pepek,jembut,perek,pecun,bencong,banci,jablay,cibay,cibai,kimak,pantat,vagina,penis"
	}]
}
